3.1406643390655518,0.6600003242492676,179.94681149570027
3.1250550746917725,100000.0,179.0524665257788
3.1094095706939697,0.675006091594696,178.15604517834964
3.0937790870666504,0.6697708964347839,177.2604844347559
3.0778849124908447,100000.0,176.3498153127181
3.0622293949127197,0.7051568031311035,175.4528202293987
3.046534299850464,100000.0,174.5535575232748
3.030848741531372,0.6285644173622131,173.65484123228453
3.015183210372925,100000.0,172.75727241307482
2.999605655670166,0.6471208333969116,171.86474427347255
2.984036445617676,0.6496151685714722,170.97269424711223
2.968205213546753,100000.0,170.0656314649562
2.952385663986206,100000.0,169.15923804133882
2.936854124069214,100000.0,168.26934635475618
2.9210355281829834,100000.0,167.36300757265218
2.9056591987609863,0.594877302646637,166.48200879236893
2.889559268951416,0.6040824055671692,165.55955076382367
2.874939203262329,0.6433929800987244,164.72188270363498
2.86018967628479,0.65095454454422,163.87679705800764
2.8454387187957764,0.6715789437294006,163.03162945011024
2.830530881881714,100000.0,162.17747331326515
2.815722942352295,0.6102553606033325,161.3290408749445
2.8010971546173096,100000.0,160.49104496567563
2.786332845687866,100000.0,159.64511237659121
2.7716639041900635,100000.0,158.80464393884282
2.75689959526062,100000.0,157.95871134975837
2.7421348094940186,100000.0,157.11275143991728
2.727466344833374,100000.0,156.27231032292556
2.7127015590667725,100000.0,155.42635041308446
2.698033094406128,100000.0,154.58590929609272
2.6832683086395264,100000.0,153.73994938625162
2.668503522872925,100000.0,152.89398947641052
2.6537647247314453,2.6906347274780273,152.0495185478085
2.6391396522521973,2.7128326892852783,151.21156361967465
2.624613046646118,2.7379236221313477,150.37925042779523
2.609842538833618,2.7639832496643066,149.53296266887398
2.595069408416748,2.7886252403259277,148.68652464579097
2.5801703929901123,2.815939426422119,147.83287394294445
2.5654804706573486,2.8507473468780518,146.9912033919021
2.550863742828369,2.870495319366455,146.15372657701016
2.53611159324646,2.867927074432373,145.3084906672211
2.5214197635650635,2.8746206760406494,144.46671083315204
2.5063865184783936,2.9720122814178467,143.60536933730006
2.4917471408843994,3.0106797218322754,142.76659478646582
2.476959705352783,3.042844295501709,141.91933714068242
2.462087392807007,100000.0,141.06721640020996
2.4474189281463623,100000.0,140.22677528321825
2.432366132736206,100000.0,139.3643136363424
2.417602300643921,100000.0,138.51840836801466
2.40293288230896,100000.0,137.67791260950958
2.388169050216675,100000.0,136.83200734118182
2.373499631881714,100000.0,135.99151158267674
2.3586580753326416,1.3507919311523438,135.14115303101016
2.3437793254852295,100000.0,134.2886634603225
2.329014539718628,100000.0,133.4427035504814
2.3142497539520264,100000.0,132.5967436406403
2.299581289291382,100000.0,131.7563025236486
2.284529447555542,100000.0,130.8938955182861
2.269860029220581,100000.0,130.053399759781
2.255096197128296,100000.0,129.20749449145328
2.2401397228240967,100000.0,128.3505516374268
2.225424289703369,0.40470051765441895,127.50741942590207
2.210637092590332,0.4073074758052826,126.66017544049701
2.1958022117614746,0.41018834710121155,125.81019937942395
2.1811108589172363,0.41256216168403625,124.96844686611158
2.166358709335327,0.4160207211971283,124.1232109563225
2.1511991024017334,0.4190317988395691,123.25462945995032
2.136500120162964,100000.0,122.41243981453107
2.1213486194610596,0.4305155575275421,121.54432277102245
2.106778860092163,100000.0,120.70953705066349
2.092015027999878,100000.0,119.86363178233574
2.0770585536956787,100000.0,119.00668892830927
2.0623233318328857,0.43930989503860474,118.16242290538233
2.047696590423584,0.4102177023887634,117.3243723546001
2.0325725078582764,100000.0,116.45782625460059
2.017904043197632,100000.0,115.61738513760886
2.0031392574310303,100000.0,114.77142522776776
1.98808753490448,100000.0,113.90902505259444
1.9734190702438354,100000.0,113.06858393560272
1.9586542844772339,100000.0,112.22262402576162
1.9440101385116577,0.16007645428180695,111.38357626736057
1.9291012287139893,0.1600867658853531,110.52935865881292
1.9144562482833862,100000.0,109.69026308908768
1.8997877836227417,100000.0,108.84982197209595
1.8847359418869019,100000.0,107.98741496673347
1.870066523551941,100000.0,107.14691920822838
1.8553026914596558,100000.0,106.30101393990064
1.8406332731246948,100000.0,105.46051818139554
1.8258694410324097,100000.0,104.61461291306782
1.811104655265808,100000.0,103.76865300322672
1.7961481809616089,100000.0,102.91171014920023
1.7813833951950073,100000.0,102.06575023935913
1.7667149305343628,100000.0,101.2253091223674
1.7519501447677612,100000.0,100.37934921252631
1.7372816801071167,100000.0,99.53890809553458
1.7225104570388794,1.9704957008361816,98.6925793554783
1.7079441547393799,1.9827007055282593,97.85799171060526
1.6932013034820557,1.9623005390167236,97.01328855557145
1.6780318021774292,100000.0,96.14414015349816
1.6634935140609741,2.24031138420105,95.31115760308008
1.6483105421066284,100000.0,94.44123738963057
1.6338725090026855,0.935030460357666,93.61399902830448
1.6188772916793823,100000.0,92.75483636279775
1.6040517091751099,0.9450596570968628,91.90539305647994
1.589156985282898,100000.0,91.05198824044354
1.5745066404342651,0.8586177229881287,90.21258531220565
1.559614658355713,0.8414890766143799,89.35933759052014
1.544965147972107,0.8179306387901306,88.51998247360645
1.5298219919204712,0.815666913986206,87.65234354333973
1.5149506330490112,100000.0,86.80027744438064
1.500476360321045,0.932007372379303,85.97096270554685
1.4855546951293945,0.9337500929832458,85.11601426675801
1.4708359241485596,0.9342933893203735,84.27269080993655
1.4557961225509644,100000.0,83.41097365368023
1.4408396482467651,100000.0,82.55403079965375
1.4260748624801636,100000.0,81.70807088981265
1.4115145206451416,0.4352729022502899,80.87382475439811
1.396667242050171,0.4456038475036621,80.02313835365138
1.382017970085144,0.44621148705482483,79.18379689711601
1.366921305656433,100000.0,78.3188217406256
1.3521565198898315,100000.0,77.4728618307845
1.337587594985962,0.4395739436149597,76.63812392174974
1.322787880897522,0.43713003396987915,75.79016276648181
1.3077667951583862,100000.0,74.9295179499252
1.2931820154190063,0.4334755539894104,74.09387162573081
1.2781955003738403,0.43124741315841675,73.23520756403349
1.2633732557296753,0.4294699430465698,72.38595550301244
1.2485169172286987,100000.0,71.53475000788877
1.2338484525680542,100000.0,70.69430889089705
1.2187966108322144,100000.0,69.83190188553455
1.2041271924972534,100000.0,68.99140612702946
1.1897944211959839,0.6363590955734253,68.17019882274049
1.1750210523605347,0.6331506967544556,67.32374713927915
1.1596421003341675,100000.0,66.44259809483415
1.1451865434646606,0.5609961152076721,65.61435569570006
1.1304435729980469,0.551567554473877,64.76964571047708
1.1158183813095093,0.5606529116630554,63.93168395215406
1.1008679866790771,0.5728096961975098,63.075089437775254
1.086241602897644,0.566374659538269,62.237059377560534
1.0710543394088745,100000.0,61.36689327730091
1.056541085243225,0.5484421253204346,60.53534506660854
1.0415257215499878,100000.0,59.67502809913208
1.0268572568893433,100000.0,58.834586982140344
1.0125555992126465,0.5356921553611755,58.015162357224746
0.9977329969406128,0.5266047716140747,57.16588980563619
0.9826592206954956,100000.0,56.30222604546642
0.967894434928894,100000.0,55.45626613562532
0.9532616138458252,0.5094980597496033,54.61786724519543
0.9381731748580933,100000.0,53.75336337175774
0.9235047101974487,100000.0,52.91292225476601
0.9087399244308472,100000.0,52.06696234492491
0.8940714597702026,100000.0,51.22652122793318
0.8793066740036011,100000.0,50.380561318092084
0.8647328615188599,0.4849848747253418,49.54554337130134
0.8498736619949341,100000.0,48.694173951637595
0.835509717464447,0.4994080066680908,47.871180552880666
0.8206672668457031,0.5084534287452698,47.0207707747953
0.8058368563652039,0.5143880248069763,46.17105084581611
0.7909514904022217,100000.0,45.31818219962954
0.7766990661621094,0.5287850499153137,44.50157844284116
0.7615440487861633,100000.0,43.633259908752024
0.7470363974571228,0.5377123951911926,42.80203271695064
0.7321495413780212,100000.0,41.94907869339945
0.7175267338752747,0.5573285818099976,41.111253538859835
0.7031667232513428,0.5560735464096069,40.28848553634551
0.6881188750267029,0.5402694344520569,39.42630734232022
0.6733345985412598,100000.0,38.57923069654982
0.6585827469825745,100000.0,37.73401186223367
0.6438313126564026,100000.0,36.88881693357961
0.6291753053665161,100000.0,36.04908957135615
0.614652156829834,0.5100305080413818,35.21697445496267
0.5999583601951599,0.5046308636665344,34.37508192277231
0.5851358771324158,0.49692729115486145,33.525816201372926
0.5705142617225647,0.49094754457473755,32.688059348725005
0.555819571018219,0.49064886569976807,31.846115590115875
0.5407836437225342,100000.0,30.984620415007583
0.5261434316635132,0.47533249855041504,30.14579805284915
0.5116129517555237,0.4730726480484009,29.313262879821707
0.49675047397613525,0.4667501747608185,28.461705629955784
0.481905996799469,0.4638117551803589,27.61117973865453
0.4673879146575928,0.46166035532951355,26.779354905300774
0.4526520371437073,0.4566773772239685,25.935051316333404
0.4374788999557495,0.4503479599952698,25.065694593490424
0.4229564964771271,0.44699612259864807,24.233622165779252
0.40808752179145813,0.4468390941619873,23.381692670603563
0.393536239862442,0.4435725510120392,22.547965629565955
0.37875932455062866,0.4412038326263428,21.70131074797681
0.3638460338115692,0.43771347403526306,20.846842129977166
0.34901827573776245,0.434856653213501,19.99727417270701
0.3345029354095459,0.43281248211860657,19.16560643370416
0.31929612159729004,0.43187659978866577,18.294320182420652
0.30493777990341187,0.42988601326942444,17.471647802554713
0.2898803651332855,0.42718321084976196,16.608921485848523
0.27512696385383606,0.4255129098892212,15.76361385907316
0.2604408860206604,0.4243813455104828,14.922163581631562
0.24549220502376556,0.4449999928474426,14.065667251222072
0.2307278960943222,100000.0,13.219734662137654
0.21577142179012299,100000.0,12.362791808111174
0.20100711286067963,100000.0,11.516859219026754
0.1860506385564804,100000.0,10.659916365000274
0.17128632962703705,100000.0,9.813983775915855
0.1566460281610489,0.938154935836792,8.97515629111554
0.14127753674983978,100000.0,8.094606595770205
0.12681293487548828,0.9319849610328674,7.2658459560328446
0.1118212416768074,0.9299447536468506,6.406885207993449
0.09679196774959564,100000.0,5.545771242818207
0.08183597028255463,100000.0,4.688855709548407
0.06707118451595306,100000.0,3.842895799707308
0.05227845907211304,0.9203491806983948,2.995335064279487
0.037610724568367004,0.9038813710212708,2.154935782196424
0.022715352475643158,0.8991903066635132,1.3014938270063992
0.007817288860678673,0.8990855813026428,0.44789765895151973
-0.007078649941831827,0.9136396646499634,-0.4055767663174894
-0.022220904007554054,0.8967883586883545,-1.2731640165981846
-0.03704763948917389,100000.0,-2.1226733836518688
-0.052099958062171936,100000.0,-2.985107709771039
-0.06676842272281647,100000.0,-3.825548826762768
-0.08182074129581451,100000.0,-4.687983152881938
-0.09635984897613525,3.562469959259033,-5.521012660850557
-0.11108411848545074,3.5633137226104736,-6.364651160147498
-0.12559179961681366,3.5649025440216064,-7.195880059496172
-0.14037218689918518,3.567308187484741,-8.042733870344897
-0.15542800724506378,3.5705761909484863,-8.905368833270936
-0.16999852657318115,3.5745162963867188,-9.740198096085853
-0.18465077877044678,3.579210042953491,-10.57971030735046
-0.1995537430047989,100000.0,-11.433587260213251
-0.21431852877140045,100000.0,-12.27954717005435
-0.2290828377008438,100000.0,-13.12547975913877
-0.24360644817352295,0.9350426197052002,-13.957621342515287
-0.2585160732269287,100000.0,-14.811879932197952
-0.27318501472473145,100000.0,-15.652348369946361
-0.2879493236541748,100000.0,-16.49828095903078
-0.30266672372817993,3.548440933227539,-17.3415258686768
-0.3172578513622284,3.6568398475646973,-18.177535900444482
-0.33192357420921326,3.668572425842285,-19.017819923085302
-0.34643834829330444,3.6809730529785156,-19.84945521868959
-0.3614943325519562,3.6945176124572754,-20.712099573125737
-0.37595272064208984,3.7079238891601562,-21.540504189252612
-0.3907316327095032,3.7228915691375732,-22.38727347651036
-0.40573424100875854,3.7396013736724854,-23.246859613745634
-0.4204806089401245,3.757249355316162,-24.091764259359966
-0.43567222356796265,3.7752795219421387,-24.962179661524296
-0.4503006935119629,3.7934765815734863,-25.800329250049487
-0.46503788232803345,3.8137576580047607,-26.644707971097727
-0.4799909293651581,3.837228775024414,-27.50145445718557
-0.4947356879711151,3.8580400943756104,-28.346266895246107
-0.5096930861473083,3.879767656326294,-29.203262683238652
-0.5243411064147949,3.9047863483428955,-30.042532422787726
-0.5396581292152405,3.9302029609680176,-30.920133183958907
-0.5542216897010803,3.954887866973877,-31.754563734481025
-0.5692506432533264,3.9859962463378906,-32.61565934352287
-0.5837312340736389,4.014683246612549,-33.44533608238266
-0.5986869931221008,4.047695636749268,-34.30223795527412
-0.6135789752006531,4.080886363983154,-35.15548567695963
-0.6282719969749451,4.11281156539917,-35.997333812920374
-0.6434496641159058,4.147017002105713,-36.86695008295182
-0.6580889225006104,4.18242883682251,-37.70571780359689
-0.6730259656906128,4.219254016876221,-38.56154733678866
-0.6881164908409119,4.264784336090088,-39.42617073853682
-0.7028319239616394,4.306854248046875,-40.26930295006153
-0.7178918123245239,4.348255634307861,-41.132170993193
-0.732927680015564,4.388128757476807,-41.993662753206706
-0.7474374771118164,4.437562942504883,-42.82501288841315
-0.7626252770423889,4.489730358123779,-43.69520972452404
-0.7774632573127747,4.540783405303955,-44.545363370515524
-0.7923014163970947,4.598040580749512,-45.39552726179077
-0.80731600522995,4.656226634979248,-46.25579983303763
-0.8223398327827454,4.716165065765381,-47.11660174394517
-0.8371990919113159,4.776445388793945,-47.9679745787035
-0.8518950939178467,4.8387250900268555,-48.809993469393504
-0.8669599294662476,4.955687999725342,-49.67314496537552
-0.8820759654045105,100000.0,-50.53923002760607
-0.8968407511711121,100000.0,-51.385189937447166
-0.9117962718009949,100000.0,-52.242078149960285
-0.9268490672111511,100000.0,-53.104539796836136
-0.9415175318717957,100000.0,-53.94498091382786
-0.9565693736076355,100000.0,-54.807387919190354
-0.9712387919425964,100000.0,-55.64788367769544
-0.9860026240348816,100000.0,-56.49378894602318
-1.0007253885269165,0.20500071346759796,-57.33734121418185
-1.0154359340667725,100000.0,-58.180193387950595
-1.0303231477737427,0.19575135409832,-59.033167902069295
-1.0448691844940186,100000.0,-59.86659441478342
-1.0596339702606201,100000.0,-60.71255432462452
-1.0743757486343384,0.17997653782367706,-61.55719600795581
-1.0890672206878662,100000.0,-62.39895535145735
-1.103854775428772,0.16213618218898773,-63.24621982742992
-1.1185905933380127,0.16349053382873535,-64.0905200013027
-1.1332652568817139,100000.0,-64.93131628813127
-1.1479337215423584,100000.0,-65.77175740512301
-1.16269850730896,100000.0,-66.61771731496411
-1.1773861646652222,0.16129952669143677,-67.45925809241221
-1.192131757736206,100000.0,-68.30411834179694
-1.2070790529251099,0.15482622385025024,-69.16053527125732
-1.221678614616394,0.15378126502037048,-69.99702853890878
-1.2364245653152466,0.15271899104118347,-70.84190927886102
-1.2510924339294434,0.15166154503822327,-71.6823162449069
-1.2657630443572998,100000.0,-72.52288030530369
-1.280512809753418,0.14955000579357147,-73.36797961130937
-1.295196294784546,100000.0,-74.20928133213651
-1.309960126876831,100000.0,-75.05518660046425
-1.3247249126434326,100000.0,-75.90114651030535
-1.3393869400024414,0.14388231933116913,-76.7412187970819
-1.3541738986968994,0.14151771366596222,-77.58844912210863
-1.368863582611084,0.1406056135892868,-78.43010601277261
-1.3835577964782715,100000.0,-79.27202245062507
-1.3983139991760254,100000.0,-80.11749058684593
-1.4129737615585327,100000.0,-80.95743310002824
-1.4277299642562866,100000.0,-81.8029012362491
-1.4423898458480835,100000.0,-82.64285057962059
-1.4571459293365479,100000.0,-83.48831188565228
-1.4719021320343018,100000.0,-84.33378002187314
-1.4867479801177979,0.13551458716392517,-85.18438446034985
-1.501318097114563,100000.0,-86.01919067127632
-1.5160996913909912,0.13136059045791626,-86.86611363779039
-1.5307254791259766,100000.0,-87.70410954705925
-1.545481562614441,100000.0,-88.54957085309094
-1.5600478649139404,0.1299063116312027,-89.38415849796397
-1.5729008913040161,100000.0,-90.12058266408557
-1.5876357555389404,0.13913677632808685,-90.964828196445
-1.6023257970809937,100000.0,-91.8065055776765
-1.6170862913131714,100000.0,-92.65221960070748
-1.6318466663360596,100000.0,-93.49792679354928
-1.6465110778808594,100000.0,-94.33813568410923
-1.661470651626587,0.1397470235824585,-95.19525612305414
-1.6759459972381592,0.13988646864891052,-96.02463233359045
-1.690691351890564,0.14010238647460938,-96.86947892259683
-1.705435037612915,0.14034372568130493,-97.71422988895483
-1.720121145248413,100000.0,-98.55568187394373
-1.7348840236663818,100000.0,-99.40153250075811
-1.7495527267456055,100000.0,-100.24198727812818
-1.764317274093628,100000.0,-101.08793352759093
-1.7790818214416504,100000.0,-101.93387977705369
-1.7937593460083008,0.14306101202964783,-102.77483998842234
-1.8085150718688965,100000.0,-103.62028080388653
-1.8231269121170044,0.14442841708660126,-104.4574775810225
-1.8379484415054321,100000.0,-105.30668866090852
-1.8527358770370483,0.14651770889759064,-106.15394630669192
-1.8673816919326782,100000.0,-106.99308968774135
-1.8820782899856567,0.146937757730484,-107.8351427293772
-1.8968149423599243,100000.0,-108.67949071457417
-1.9115794897079468,100000.0,-109.52543696403694
-1.9262335300445557,0.14906741678714752,-110.3650516281391
-1.9410127401351929,100000.0,-111.21183799086977
-1.9556059837341309,0.15058541297912598,-112.04796925849521
-1.9708330631256104,0.1514088362455368,-112.92041664193762
-1.9854782819747925,0.15221238136291504,-113.75952587204121
-2.0002238750457764,0.15303783118724823,-114.60438612142593
-2.014968156814575,0.15388497710227966,-115.44917123872979
-2.0299837589263916,100000.0,-116.3095018665846
-2.0446524620056152,100000.0,-117.14995664395467
-2.0594170093536377,100000.0,-117.99590289341742
-2.074373245239258,100000.0,-118.85283208706556
-2.0891377925872803,100000.0,-119.69877833652832
-2.103806495666504,100000.0,-120.53923311389839
-2.1188695430755615,0.16288025677204132,-121.40228215704286
-2.133434534072876,0.1653698831796646,-122.23679466983502
-2.148292064666748,100000.0,-123.08806846685039
-2.1630566120147705,100000.0,-123.93401471631314
-2.1780128479003906,100000.0,-124.79094390996129
-2.192671537399292,0.17509272694587708,-125.63082495144107
-2.207367181777954,0.17826907336711884,-126.47282335156356
-2.222693920135498,0.17967939376831055,-127.3509807731521
-2.237142324447632,0.18304024636745453,-128.178813360936
-2.251931667327881,100000.0,-129.02618028974612
-2.266695976257324,100000.0,-129.87211287883054
-2.2813596725463867,0.18293538689613342,-130.71228078825547
-2.296416997909546,100000.0,-131.57500198231978
-2.3112714290618896,0.19014950096607208,-132.4260981944167
-2.3257689476013184,0.19632889330387115,-133.25674482013866
-2.3406143188476562,0.19783635437488556,-134.10732193785867
-2.355283498764038,100000.0,-134.94780403598543
-2.370239734649658,100000.0,-135.80473322963357
-2.3850045204162598,100000.0,-136.65069313947467
-2.3998219966888428,0.20372474193572998,-137.4996719929289
-2.4146792888641357,0.20796382427215576,-138.35093212956593
-2.4292120933532715,0.21517015993595123,-139.1836004912822
-2.4440879821777344,0.21973712742328644,-140.03592613742975
-2.458923101425171,100000.0,-140.88591585888116
-2.4735918045043945,100000.0,-141.72637063625123
-2.488356351852417,100000.0,-142.57231688571397
-2.5031208992004395,100000.0,-143.41826313517674
-2.5180771350860596,100000.0,-144.2751923288249
-2.532897710800171,0.25597378611564636,-145.12434876719755
-2.5476531982421875,0.2577613592147827,-145.9697759222834
-2.5626115798950195,0.26312127709388733,-146.82682805933658
-2.577098846435547,0.26848170161247253,-147.6568872887899
-2.5923357009887695,0.2703145444393158,-148.52989474774424
-2.606900453567505,0.2720397114753723,-149.36439360015805
-2.6215507984161377,0.2737113833427429,-150.20379652839594
-2.6361937522888184,100000.0,-151.0427759849053
-2.650862455368042,100000.0,-151.88323076227536
-2.6660003662109375,0.2785739004611969,-152.7505691642186
-2.6808431148529053,0.273238867521286,-153.60099601777688
-2.695687770843506,0.2723502516746521,-154.4515321543619
-2.710312604904175,0.2715284526348114,-155.2894734221174
-2.7249555587768555,0.27075207233428955,-156.12845287862675
-2.740145444869995,0.2700037360191345,-156.99876924304812
-2.7546939849853516,0.26933950185775757,-157.8323391897348
-2.7693769931793213,0.26872187852859497,-158.67361358980529
-2.783935308456421,100000.0,-159.5077436120039
-2.7986998558044434,100000.0,-160.35368986146668
-2.8133115768432617,0.26851797103881836,-161.19087980841348
-2.8273661136627197,100000.0,-161.99614545117964
-2.8412678241729736,100000.0,-162.79265479142984
-2.855457067489624,100000.0,-163.60563854795814
-2.8696465492248535,100000.0,-164.41863596486473
-2.8835482597351074,100000.0,-165.21514530511496
-2.897749662399292,0.2956927418708801,-166.02882574093857
-2.9116392135620117,100000.0,-166.82463840189342
-2.925814151763916,0.30526047945022583,-167.6368025357213
-2.9400322437286377,0.30475345253944397,-168.45143919802874
-2.9539623260498047,0.30410173535346985,-169.24957412330141
-2.968012809753418,100000.0,-170.05460753963578
-2.98197340965271,0.31219351291656494,-170.854490993336
-2.9960577487945557,0.326147198677063,-171.66146418339466
-3.010293483734131,100000.0,-172.47711171369923
-3.0241949558258057,100000.0,-173.2736073935711
-3.038384437561035,100000.0,-174.08660481047772
-3.052286148071289,100000.0,-174.88311415072792
-3.066532611846924,0.7521020770072937,-175.6993763980578
-3.0807244777679443,0.7340046763420105,-176.51251041874784
-3.0953896045684814,0.7396400570869446,-177.3527602904428
-3.11124849319458,100000.0,-178.26140767648627
-3.126652956008911,0.6320701241493225,-179.14401838141364